job_title_id,job_title,job_function_id,job_function
1,.NET Developer,104,Technology
4,Academic Dean,111,Education
6,Account Associate,101,Sales
11,Account Executive,101,Sales
12,Account Manager,101,Sales
15,Account Sales Representative,101,Sales
16,Accountant,103,Accounting & Finance
17,Accounting Analyst,103,Accounting & Finance
19,Accounting Associate,103,Accounting & Finance
20,Accounting Clerk,103,Accounting & Finance
22,Accounting Coordinator,103,Accounting & Finance
26,Accounts Manager,101,Sales
28,Accounts Payable Clerk,103,Accounting & Finance
29,Accounts Payable Coordinator,103,Accounting & Finance
30,Accounts Payable Manager,103,Accounting & Finance
35,Accounts Receivable Clerk,103,Accounting & Finance
38,Accounts Receivable Specialist,103,Accounting & Finance
41,Adjunct Faculty,111,Education
42,Administrative Assistant,112,Other
44,Administrative Coordinator,112,Other
46,Administrative Manager,112,Other
47,Administrative Specialist,112,Other
48,Administrative Supervisor,109,Healthcare
50,Admissions Coordinator,111,Education
54,Advertising Consultant,102,Marketing & PR
63,Application Developer,104,Technology
67,Application Support Analyst,104,Technology
71,Applications Engineer,108,Engineering
72,Applications Specialist,104,Technology
74,Architectural Designer,113,"Art, Creative & Design"
75,Area Business Manager,101,Sales
80,Area Operations Manager,105,Operations/GM
81,Area Sales Manager,101,Sales
83,Area Vice President,101,Sales
86,Asset Manager,103,Accounting & Finance
87,Asset Protection Manager,105,Operations/GM
94,Assistant Controller,103,Accounting & Finance
95,Assistant Corporate Controller,103,Accounting & Finance
96,Assistant Department Manager,109,Healthcare
97,Assistant Designer,113,"Art, Creative & Design"
102,Assistant Director of Nursing,109,Healthcare
103,Assistant Editor,113,"Art, Creative & Design"
104,Assistant Engineer,108,Engineering
105,Assistant General Counsel,106,Law
107,Assistant Manager,101,Sales
108,Assistant Marketing Manager,102,Marketing & PR
112,Assistant Production Manager,105,Operations/GM
117,Assistant Store Director,101,Sales
118,Assistant Store Manager,101,Sales
130,Associate Creative Director,113,"Art, Creative & Design"
135,Associate Editor,113,"Art, Creative & Design"
136,Associate Engineer,108,Engineering
140,Associate Marketing Manager,102,Marketing & PR
141,Associate Media Director,102,Marketing & PR
144,Associate Professor,111,Education
148,Associate Scientist,109,Healthcare
152,Assurance Associate,103,Accounting & Finance
153,Attorney,106,Law
158,Auditor,103,Accounting & Finance
160,AVP,103,Accounting & Finance
164,Behavior Specialist,109,Healthcare
166,Benefits Analyst,107,HR
168,Benefits Coordinator,107,HR
176,Biomedical Technician,109,Healthcare
179,Branch Operations Manager,105,Operations/GM
183,Brand Manager,102,Marketing & PR
184,Brand Marketing Manager,102,Marketing & PR
185,Broker,103,Accounting & Finance
188,Business Account Executive,101,Sales
189,Business Account Manager,101,Sales
190,Business Administrator,NA,NA
191,Business Analyst,104,Technology
192,Business Banker,103,Accounting & Finance
195,Business Developer,101,Sales
198,Business Development Consultant,101,Sales
201,Business Development Manager,101,Sales
203,Business Development Representative,101,Sales
206,Business Intelligence Analyst,104,Technology
207,Business Intelligence Consultant,104,Technology
209,Business Intelligence Manager,104,Technology
214,Business Planning Manager,103,Accounting & Finance
215,Business Process Analyst,104,Technology
216,Business Process Consultant,105,Operations/GM
217,Business Process Manager,105,Operations/GM
220,Business Solutions Manager,104,Technology
223,Business Systems Analyst,104,Technology
226,Business Unit Manager,105,Operations/GM
228,Buyer Planner,105,Operations/GM
229,CAD Designer,108,Engineering
230,Call Center Manager,105,Operations/GM
232,Call Center Supervisor,105,Operations/GM
236,Care Coordinator,109,Healthcare
241,Category Manager,102,Marketing & PR
248,Channel Account Manager,101,Sales
252,Chaplain,109,Healthcare
253,Charge Nurse,109,Healthcare
254,Chef,112,Other
256,Chemist,114,Science / Research
258,Chief Architect,104,Technology
260,Chief Development Officer,112,Other
264,Chief Human Resources Officer,107,HR
265,Chief Information Officer,104,Technology
267,Chief Marketing Officer,102,Marketing & PR
268,Chief Nursing Officer,109,Healthcare
270,Chief Operating Officer,105,Operations/GM
271,Chief Operations Officer,105,Operations/GM
275,Claims Adjuster,103,Accounting & Finance
280,Claims Specialist,103,Accounting & Finance
281,Claims Supervisor,103,Accounting & Finance
284,Client Associate,103,Accounting & Finance
289,Client Relations Manager,101,Sales
290,Client Relationship Manager,101,Sales
292,Client Service Manager,NA,NA
293,Client Service Representative,105,Operations/GM
294,Client Service Specialist,103,Accounting & Finance
295,Client Services Consultant,NA,NA
296,Client Services Coordinator,NA,NA
298,Client Services Representative,105,Operations/GM
299,Client Services Specialist,NA,NA
302,Clinical Analyst,109,Healthcare
306,Clinical Manager,109,Healthcare
307,Clinical Nurse,109,Healthcare
310,Clinical Psychologist,109,Healthcare
318,Collection Manager,103,Accounting & Finance
321,Collections Supervisor,103,Accounting & Finance
327,Commercial Manager,101,Sales
329,Commercial Real Estate Broker,110,Real Estate / Construction
330,Commercial Sales Manager,101,Sales
332,Commodity Manager,105,Operations/GM
341,Community Manager,102,Marketing & PR
343,Community Relations Coordinator,102,Marketing & PR
347,Compliance Analyst,103,Accounting & Finance
348,Compliance Associate,103,Accounting & Finance
349,Compliance Auditor,103,Accounting & Finance
350,Compliance Manager,103,Accounting & Finance
352,Compliance Specialist,103,Accounting & Finance
353,Computer Engineer,104,Technology
354,Computer Operator,104,Technology
359,Construction Inspector,110,Real Estate / Construction
361,Construction Project Manager,110,Real Estate / Construction
363,Construction Supervisor,110,Real Estate / Construction
370,Continuous Improvement Leader,105,Operations/GM
372,Contract Administrator,105,Operations/GM
373,Contract Analyst,105,Operations/GM
378,Contracts Manager,105,Operations/GM
379,Contracts Specialist,105,Operations/GM
380,Controller,103,Accounting & Finance
383,Copy Editor,113,"Art, Creative & Design"
389,Corporate Associate,106,Law
390,Corporate Communications Manager,102,Marketing & PR
393,Corporate Human Resources Manager,107,HR
394,Corporate Paralegal,106,Law
397,Corporate Trainer,107,HR
400,Cost Analyst,103,Accounting & Finance
404,Creative Manager,113,"Art, Creative & Design"
405,Creative Services Manager,113,"Art, Creative & Design"
411,Curriculum Developer,107,HR
419,Customer Experience Manager,105,Operations/GM
421,Customer Relationship Manager,105,Operations/GM
425,Customer Service Manager,105,Operations/GM
430,Customer Support Engineer,104,Technology
432,Customer Support Representative,105,Operations/GM
435,Data Architect,104,Technology
437,Data Scientist,114,Science / Research
439,Database Administrator,104,Technology
442,Database Engineer,104,Technology
443,Database Manager,104,Technology
444,Delivery Manager,104,Technology
449,Deputy Director,NA,NA
453,Design Consultant,113,"Art, Creative & Design"
457,Designer,113,"Art, Creative & Design"
458,Desktop Support Analyst,104,Technology
460,Desktop Support Specialist,104,Technology
461,Desktop Support Technician,104,Technology
464,Development Coordinator,112,Other
465,Development Engineer,108,Engineering
466,Development Manager,104,Technology
468,Diabetes Sales Specialist,109,Healthcare
469,Digital Account Executive,101,Sales
470,Digital Account Manager,101,Sales
474,Digital Marketing Specialist,102,Marketing & PR
481,Director of Account Management,101,Sales
488,Director of Business Operations,105,Operations/GM
493,Director of Clinical Services,109,Healthcare
501,Director of Dining Services,112,Other
505,Director of Engineering,108,Engineering
506,Director of Environmental Services,NA,NA
507,Director of Facilities,105,Operations/GM
511,Director of Finance and Administration,103,Accounting & Finance
516,Director of Information Systems,104,Technology
517,Director of Information Technology,104,Technology
519,Director of IT Operations,104,Technology
526,Director of Marketing Communications,102,Marketing & PR
528,Director of Merchandising,102,Marketing & PR
529,Director of National Accounts,101,Sales
534,Director of Plant Operations,105,Operations/GM
538,Director of Production,105,Operations/GM
542,Director of Purchasing,105,Operations/GM
543,Director of Quality,105,Operations/GM
549,Director of Rehabilitation Services,109,Healthcare
557,Director of Sales and Marketing,101,Sales
559,Director of Security,104,Technology
561,Director of Social Services,109,Healthcare
562,Director of Software Development,104,Technology
565,Director Of Student Services,111,Education
567,Director of Talent Acquisition,107,HR
570,Director of Training,107,HR
573,"Director, Corporate Communications",102,Marketing & PR
576,"Director, Finance and Operations",103,Accounting & Finance
580,"Director, Strategic Accounts",101,Sales
583,Distribution Manager,105,Operations/GM
584,Distribution Supervisor,105,Operations/GM
585,District Business Manager,101,Sales
586,District General Manager,101,Sales
587,District Leader,101,Sales
589,District Operations Manager,105,Operations/GM
590,District Sales Leader,101,Sales
591,District Sales Manager,101,Sales
592,District Sales Representative,101,Sales
593,District Service Manager,101,Sales
595,Division Controller,103,Accounting & Finance
597,Division Manager,101,Sales
599,Divisional Controller,103,Accounting & Finance
602,Ecommerce Manager,102,Marketing & PR
610,Electrical Design Engineer,108,Engineering
612,Electrical Supervisor,108,Engineering
613,Electrical Technician,108,Engineering
615,Electronic Technician,108,Engineering
620,Employee Relations Specialist,107,HR
622,Engagement Manager,104,Technology
624,Engineering Consultant,108,Engineering
629,Engineering Supervisor,108,Engineering
630,Engineering Technician,108,Engineering
635,Enterprise Architect,104,Technology
637,Enterprise Sales Manager,101,Sales
638,Environmental Engineer,108,Engineering
641,Environmental Scientist,114,Science / Research
643,Equipment Manager,105,Operations/GM
648,Event Coordinator,102,Marketing & PR
653,Executive,112,Other
659,Executive Assistant to the CEO,112,Other
663,Executive Coordinator,112,Other
664,Executive Creative Director,113,"Art, Creative & Design"
666,Executive Editor,113,"Art, Creative & Design"
668,Executive Recruiter,107,HR
671,Executive Vice President,105,Operations/GM
678,Facilities Supervisor,105,Operations/GM
679,Facility Director,105,Operations/GM
681,Faculty,111,Education
685,Field Marketing Manager,102,Marketing & PR
690,Field Sales Manager,101,Sales
693,Field Service Manager,101,Sales
696,Field Technician,104,Technology
697,Finance Analyst,103,Accounting & Finance
698,Finance Associate,106,Law
701,Finance Manager,103,Accounting & Finance
702,Finance Specialist,103,Accounting & Finance
704,Financial Advisor,103,Accounting & Finance
705,Financial Aid Officer,103,Accounting & Finance
708,Financial Center Manager,103,Accounting & Finance
710,Financial Controller,103,Accounting & Finance
711,Financial Coordinator,103,Accounting & Finance
714,Financial Planner,103,Accounting & Finance
715,Financial Reporting Manager,103,Accounting & Finance
716,Financial Representative,103,Accounting & Finance
717,Financial Sales Consultant,101,Sales
718,Financial Service Representative,103,Accounting & Finance
725,Fleet Manager,105,Operations/GM
726,Food and Beverage Manager,112,Other
729,Foreman,105,Operations/GM
731,Fraud Analyst,103,Accounting & Finance
738,Functional Analyst,104,Technology
739,Functional Consultant,104,Technology
742,General Counsel,106,Law
743,General Dentist,109,Healthcare
746,General Operations Manager,105,Operations/GM
748,General Superintendent,110,Real Estate / Construction
751,Global Account Executive,101,Sales
755,Global Program Manager,105,Operations/GM
757,Global Sourcing Manager,105,Operations/GM
758,Global Supply Chain Manager,105,Operations/GM
759,Government Account Manager,101,Sales
760,Grants Manager,112,Other
761,Graphic Artist,113,"Art, Creative & Design"
765,Group Manager,105,Operations/GM
768,Hadoop Developer,104,Technology
769,Hardware Engineer,104,Technology
770,Head of Business Development,101,Sales
774,Health Educator,109,Healthcare
783,HRIS Manager,107,HR
786,Human Resources Advisor,107,HR
788,Human Resources Assistant,107,HR
791,Human Resources Consultant,107,HR
794,Human Resources Manager,107,HR
796,Human Resources Representative,107,HR
808,Industrial Engineer,108,Engineering
809,Industrial Engineering Manager,108,Engineering
810,Informatica Developer,104,Technology
812,Information Security Analyst,104,Technology
814,Information Security Officer,104,Technology
818,Information Technology Specialist,104,Technology
820,Inside Account Manager,101,Sales
821,Inside Sales Account Manager,101,Sales
822,Inside Sales Associate,101,Sales
827,Inside Sales Supervisor,101,Sales
828,Inspector,NA,NA
833,Insurance Specialist,103,Accounting & Finance
834,Intake Coordinator,109,Healthcare
836,Intelligence Analyst,104,Technology
837,Interior Designer,113,"Art, Creative & Design"
840,Internal Wholesaler,101,Sales
847,Inventory Specialist,105,Operations/GM
848,Investigator,NA,NA
849,Investment Advisor,103,Accounting & Finance
850,Investment Analyst,103,Accounting & Finance
855,iOS Developer,104,Technology
858,IT Auditor,104,Technology
862,IT Engineer,104,Technology
865,IT Program Manager,104,Technology
874,IT Support Specialist,104,Technology
877,IT Technician,104,Technology
879,Junior Accountant,103,Accounting & Finance
882,Lab Manager,109,Healthcare
884,Laboratory Director,109,Healthcare
889,Law Clerk,106,Law
893,Lead Business Analyst,104,Technology
894,Lead Business Systems Analyst,104,Technology
899,Lead Mechanical Engineer,108,Engineering
901,Lead Quality Assurance Analyst,104,Technology
903,Lead Software Engineer,104,Technology
904,Lead Systems Analyst,104,Technology
905,Lead Systems Engineer,104,Technology
906,Lead Teacher,111,Education
911,Leasing Manager,110,Real Estate / Construction
912,Lecturer,111,Education
916,Legal Counsel,106,Law
920,Licensed Vocational Nurse,109,Healthcare
922,Litigation Attorney,106,Law
923,Litigation Paralegal,106,Law
925,Loan Officer,103,Accounting & Finance
931,Logistics Engineer,105,Operations/GM
934,Logistics Specialist,105,Operations/GM
935,Logistics Supervisor,105,Operations/GM
941,Maintenance Mechanic,108,Engineering
943,Maintenance Technician,105,Operations/GM
947,Management Analyst,104,Technology
948,Management Associate,105,Operations/GM
953,Manager in Training,101,Sales
956,Managing Consultant,104,Technology
957,Managing Director,NA,NA
959,Managing Partner,101,Sales
960,Managing Principal,103,Accounting & Finance
961,Manufacturing Associate,105,Operations/GM
965,Manufacturing Process Engineer,108,Engineering
970,Market Research Analyst,102,Marketing & PR
971,Market Sales Manager,101,Sales
973,Marketing Analyst,102,Marketing & PR
974,Marketing Assistant,102,Marketing & PR
975,Marketing Associate,102,Marketing & PR
977,Marketing Communications Manager,102,Marketing & PR
979,Marketing Consultant,101,Sales
981,Marketing Executive,101,Sales
983,Marketing Operations Manager,102,Marketing & PR
986,Marketing Representative,102,Marketing & PR
988,Marketing Strategist,102,Marketing & PR
990,Material Planner,105,Operations/GM
992,Materials Planner,105,Operations/GM
1003,Media Relations Manager,102,Marketing & PR
1007,Medical Device Sales Representative,101,Sales
1009,Medical Sales Representative,101,Sales
1012,Meeting Planner,105,Operations/GM
1013,Member of Technical Staff,104,Technology
1014,Membership Coordinator,NA,NA
1020,Microbiologist,109,Healthcare
1024,Mortgage Loan Originator,103,Accounting & Finance
1032,National Account Sales Manager,101,Sales
1035,National Director of Sales,101,Sales
1037,National Sales Manager,101,Sales
1038,National Sales Representative,101,Sales
1041,Network Consultant,104,Technology
1045,Network Security Engineer,104,Technology
1055,Nurse Practitioner,109,Healthcare
1056,Nursing Home Administrator,109,Healthcare
1058,Nutritionist,109,Healthcare
1060,Occupational Therapist,109,Healthcare
1065,Online Marketing Manager,102,Marketing & PR
1067,Operation Manager,105,Operations/GM
1069,Operations Administrator,105,Operations/GM
1074,Operations Coordinator,105,Operations/GM
1080,Operations Research Analyst,104,Technology
1083,Operations Support Manager,105,Operations/GM
1084,Operations Team Leader,105,Operations/GM
1087,Organizational Development Specialist,107,HR
1091,Outside Sales Manager,101,Sales
1092,Outside Sales Representative,101,Sales
1097,Patient Access Representative,109,Healthcare
1098,Patient Advocate,109,Healthcare
1108,Personal Banker,103,Accounting & Finance
1119,Physician,109,Healthcare
1120,Physician Assistant,109,Healthcare
1127,Plant Engineer,105,Operations/GM
1128,Plant General Manager,105,Operations/GM
1131,Plant Superintendent,105,Operations/GM
1134,PMO Manager,104,Technology
1142,Postdoctoral Research Associate,111,Education
1144,Postdoctoral Researcher,109,Healthcare
1146,Practice Director,104,Technology
1147,Practice Manager,109,Healthcare
1148,Preschool Teacher,111,Education
1151,Pricing Analyst,103,Accounting & Finance
1153,Principal,NA,NA
1160,Print Production Manager,105,Operations/GM
1163,Process Manager,105,Operations/GM
1168,Producer,102,Marketing & PR
1174,Product Development Manager,104,Technology
1176,Product Engineer,108,Engineering
1178,Product Manager,104,Technology
1180,Product Marketing Specialist,102,Marketing & PR
1183,Product Specialist,NA,NA
1184,Product Support Engineer,104,Technology
1187,Production Artist,113,"Art, Creative & Design"
1189,Production Control Manager,105,Operations/GM
1192,Production Manager,105,Operations/GM
1194,Production Scheduler,105,Operations/GM
1195,Production Shift Supervisor,105,Operations/GM
1197,Production Superintendent,105,Operations/GM
1200,Production Team Leader,105,Operations/GM
1211,Program Manager,105,Operations/GM
1214,Program Supervisor,109,Healthcare
1215,Programmer,104,Technology
1221,Project Assistant,105,Operations/GM
1226,Project Controls Specialist,105,Operations/GM
1227,Project Coordinator,105,Operations/GM
1228,Project Director,105,Operations/GM
1229,Project Engineer,108,Engineering
1230,Project Executive,110,Real Estate / Construction
1231,Project Lead,104,Technology
1237,Project Specialist,105,Operations/GM
1241,Property Manager,110,Real Estate / Construction
1242,Proposal Manager,102,Marketing & PR
1243,Provider Relations Representative,109,Healthcare
1247,Public Relations Coordinator,102,Marketing & PR
1250,Publicist,102,Marketing & PR
1254,Purchasing Coordinator,105,Operations/GM
1256,Purchasing Specialist,105,Operations/GM
1257,Purchasing Supervisor,105,Operations/GM
1258,Quality Analyst,105,Operations/GM
1259,Quality Assurance Analyst,104,Technology
1264,Quality Assurance Manager,105,Operations/GM
1267,Quality Assurance Team Lead,104,Technology
1268,Quality Assurance Technician,105,Operations/GM
1272,Quality Control Analyst,105,Operations/GM
1274,Quality Control Manager,105,Operations/GM
1276,Quality Control Supervisor,105,Operations/GM
1277,Quality Engineer,105,Operations/GM
1278,Quality Engineering Manager,105,Operations/GM
1279,Quality Inspector,105,Operations/GM
1281,Quality Specialist,105,Operations/GM
1293,Recruitment Consultant,107,HR
1296,Recruitment Specialist,107,HR
1302,Regional Controller,103,Accounting & Finance
1304,Regional Director of Operations,109,Healthcare
1307,Regional General Manager,105,Operations/GM
1308,Regional Human Resources Director,107,HR
1309,Regional Human Resources Manager,107,HR
1312,Regional Marketing Director,102,Marketing & PR
1317,Regional Sales Consultant,101,Sales
1318,Regional Sales Executive,101,Sales
1320,Regional Sales Representative,101,Sales
1331,Registered Respiratory Therapist,109,Healthcare
1332,Registrar,111,Education
1334,Regulatory Affairs Specialist,106,Law
1335,Relationship Banker,103,Accounting & Finance
1338,Reliability Engineer,108,Engineering
1340,Research Analyst,NA,NA
1349,Research Manager,102,Marketing & PR
1354,Residential Counselor,109,Healthcare
1360,Retail Operations Manager,101,Sales
1361,Retail Sales Associate,101,Sales
1364,Retail Sales Representative,101,Sales
1365,Retail Store Manager,101,Sales
1367,Revenue Manager,103,Accounting & Finance
1369,Risk Analyst,103,Accounting & Finance
1370,Risk Manager,103,Accounting & Finance
1372,Safety Coordinator,107,HR
1373,Safety Manager,107,HR
1379,Sales Agent,101,Sales
1380,Sales Analyst,101,Sales
1384,Sales Assistant,101,Sales
1391,Sales Executive,101,Sales
1394,Sales Manager,101,Sales
1396,Sales Operations Analyst,101,Sales
1399,Sales Representative,101,Sales
1400,Sales Service Manager,101,Sales
1402,Sales Specialist,101,Sales
1404,Sales Support Manager,101,Sales
1410,SAP Consultant,104,Technology
1412,Scheduler,105,Operations/GM
1422,Security Analyst,104,Technology
1427,Senior .NET Developer,104,Technology
1429,Senior Account Executive,101,Sales
1430,Senior Account Manager,101,Sales
1432,Senior Account Supervisor,102,Marketing & PR
1435,Senior Accounting Manager,103,Accounting & Finance
1437,Senior Analyst,104,Technology
1448,Senior Brand Manager,102,Marketing & PR
1453,Senior Business Manager,101,Sales
1461,Senior Communications Specialist,102,Marketing & PR
1465,Senior Consultant,104,Technology
1469,Senior Corporate Recruiter,107,HR
1471,Senior Counsel,106,Law
1472,Senior Credit Analyst,103,Accounting & Finance
1480,Senior Director of Finance,103,Accounting & Finance
1481,Senior Director of Marketing,102,Marketing & PR
1490,Senior Field Service Engineer,108,Engineering
1492,Senior Finance Manager,103,Accounting & Finance
1500,Senior Instructional Designer,107,HR
1502,Senior Intelligence Analyst,104,Technology
1504,Senior Internal Auditor,103,Accounting & Finance
1507,Senior IT Auditor,104,Technology
1508,Senior IT Manager,104,Technology
1509,Senior IT Project Manager,104,Technology
1512,Senior Loan Officer,103,Accounting & Finance
1513,Senior Logistics Analyst,105,Operations/GM
1514,Senior Logistics Manager,105,Operations/GM
1515,Senior Management Consultant,105,Operations/GM
1516,Senior Manager,NA,NA
1517,Senior Manufacturing Engineer,108,Engineering
1518,Senior Marketing Analyst,102,Marketing & PR
1519,Senior Marketing Consultant,102,Marketing & PR
1520,Senior Marketing Manager,102,Marketing & PR
1522,Senior Mechanical Designer,108,Engineering
1528,Senior Oracle DBA,104,Technology
1534,Senior Principal Consultant,104,Technology
1537,Senior Producer,113,"Art, Creative & Design"
1538,Senior Product Engineer,108,Engineering
1539,Senior Product Manager,104,Technology
1541,Senior Program Analyst,104,Technology
1543,Senior Program Manager,104,Technology
1549,Senior Property Accountant,103,Accounting & Finance
1552,Senior Quality Assurance Engineer,104,Technology
1553,Senior Quality Engineer,105,Operations/GM
1557,Senior Research Associate,109,Healthcare
1558,Senior Research Manager,102,Marketing & PR
1569,Senior Software Architect,104,Technology
1571,Senior Software Developer,104,Technology
1574,Senior Solutions Architect,104,Technology
1576,Senior Staff Accountant,103,Accounting & Finance
1578,Senior Supply Chain Manager,105,Operations/GM
1582,Senior Systems Administrator,104,Technology
1585,Senior Tax Accountant,103,Accounting & Finance
1586,Senior Tax Analyst,103,Accounting & Finance
1595,Senior Technical Support Specialist,104,Technology
1598,Senior Territory Business Manager,101,Sales
1600,Senior Trainer,107,HR
1604,Senior Underwriter,103,Accounting & Finance
1605,Senior Vice President,NA,NA
1607,Senior Vice President of Sales,101,Sales
1617,Service Desk Analyst,104,Technology
1618,Service Desk Manager,104,Technology
1621,Service Manager,105,Operations/GM
1622,Service Operations Manager,105,Operations/GM
1624,Service Sales Representative,101,Sales
1626,SharePoint Administrator,104,Technology
1629,Shift Supervisor,105,Operations/GM
1638,Social Media Coordinator,102,Marketing & PR
1644,Software Consultant,104,Technology
1647,Software Development Manager,104,Technology
1648,Software Engineer,104,Technology
1651,Software Quality Assurance Analyst,104,Technology
1652,Software Quality Assurance Engineer,104,Technology
1653,Software Test Analyst,104,Technology
1656,Solution Architect,104,Technology
1659,Solutions Engineer,104,Technology
1667,Special Events Coordinator,102,Marketing & PR
1668,Special Events Manager,102,Marketing & PR
1670,Specialist,NA,NA
1671,Specialty Pharmaceutical Sales Representative,109,Healthcare
1674,SQA Engineer,104,Technology
1680,Staff Attorney,106,Law
1682,Staff Engineer,108,Engineering
1692,Staffing Specialist,107,HR
1694,Statistician,114,Science / Research
1697,Store Sales Manager,101,Sales
1702,Strategic Marketing Manager,102,Marketing & PR
1705,Strategic Sourcing Specialist,105,Operations/GM
1708,Structural Engineer,108,Engineering
1709,Subcontracts Manager,105,Operations/GM
1710,Subject Matter Expert,104,Technology
1716,Supply Chain Consultant,105,Operations/GM
1717,Supply Chain Coordinator,105,Operations/GM
1718,Supply Chain Manager,105,Operations/GM
1719,Supply Chain Planner,105,Operations/GM
1720,Supply Chain Specialist,105,Operations/GM
1723,Support Specialist,104,Technology
1729,Systems Administrator,104,Technology
1730,Systems Analyst,104,Technology
1731,Systems Architect,104,Technology
1734,Systems Manager,104,Technology
1735,Talent Acquisition Consultant,107,HR
1736,Talent Acquisition Coordinator,107,HR
1738,Talent Acquisition Specialist,107,HR
1746,Tax Professional,103,Accounting & Finance
1755,Technical Analyst,104,Technology
1765,Technical Leader,104,Technology
1768,Technical Product Manager,104,Technology
1770,Technical Project Manager,104,Technology
1771,Technical Recruiter,107,HR
1774,Technical Sales Manager,101,Sales
1776,Technical Services Manager,104,Technology
1777,Technical Specialist,104,Technology
1778,Technical Supervisor,104,Technology
1788,Technician,104,Technology
1792,Technology Lead,104,Technology
1794,Technology Specialist,104,Technology
1810,Test Technician,108,Engineering
1811,Therapist,109,Healthcare
1812,Trade Marketing Manager,102,Marketing & PR
1814,Traffic Coordinator,102,Marketing & PR
1816,Trainer,107,HR
1818,Training Consultant,107,HR
1824,Transportation Manager,105,Operations/GM
1826,Transportation Supervisor,105,Operations/GM
1827,Treasurer,103,Accounting & Finance
1829,Treasury Manager,103,Accounting & Finance
1839,Vendor Manager,105,Operations/GM
1840,Vice President,NA,NA
1846,Vice President of Human Resources,107,HR
1848,Vice President of Manufacturing,105,Operations/GM
1852,Vice President of Sales,101,Sales
1853,Vice President of Sales and Marketing,101,Sales
1855,Vice President Product Management,104,Technology
1856,"Vice President, Branch Manager",103,Accounting & Finance
1858,"Vice President, Controller",103,Accounting & Finance
1859,"Vice President, Relationship Manager",103,Accounting & Finance
1860,Video Editor,113,"Art, Creative & Design"
1861,Video Producer,113,"Art, Creative & Design"
1862,Videographer,113,"Art, Creative & Design"
1865,Warehouse Operations Manager,105,Operations/GM
1872,Webmaster,104,Technology
1876,Zone Manager,101,Sales
1877,Platform Engineer,NA,NA
1878,iOS Engineer,NA,NA
1879,Front End Engineer,NA,NA
1882,Account Supervisor,NA,NA
1883,Biomedical Engineer,NA,NA
1884,Call Center Director,NA,NA
1885,Computer Technician,NA,NA
1894,Director of Online Marketing,NA,NA
1900,"Director, Talent Management",NA,NA
1903,Electronics Technician,NA,NA
1905,Executive Manager,NA,NA
1907,Healthcare Administrator,NA,NA
1909,Human Resources Executive,NA,NA
1911,In-House Counsel,NA,NA
1912,Information Technology Executive,NA,NA
1920,Production Operations Manager,NA,NA
1921,Professional Healthcare Representative,NA,NA
1922,Program/Project Manager,NA,NA
1924,Sales and Marketing Executive,NA,NA
1926,Senior Vice President of Human Resources,NA,NA
1928,"Senior Vice President, Marketing",NA,NA
1930,Telecommunications Manager,NA,NA
1931,Training and Development Manager,NA,NA
1935,Vice President of Quality,NA,NA
1938,"Vice President, Communications",NA,NA
1942,"Vice President, Marketing and Business Development",NA,NA
1943,"Vice President, Marketing and Communications",NA,NA
1945,"Vice President, Sales Operations",NA,NA
1946,"Vice President, Strategy",NA,NA
1947,"Vice President, Supply Chain",NA,NA
2002,Accounts Payable,NA,NA
2005,Advertising,NA,NA
2010,Business Management,NA,NA
2012,Communications,NA,NA
2013,Compliance,NA,NA
2015,Construction Management,NA,NA
2018,Customer Service,NA,NA
2020,Desktop Support,NA,NA
2023,Engineering,NA,NA
2026,Finance,NA,NA
2028,Financial Services,NA,NA
2031,Healthcare,NA,NA
2032,Healthcare Administration,NA,NA
2035,Human Resources Management,NA,NA
2037,Information Technology,NA,NA
2043,Legal,NA,NA
2044,Logistics,NA,NA
2046,Management,NA,NA
2054,Medical Sales,NA,NA
2055,Nursing,NA,NA
2056,Operations,NA,NA
2057,Operations Management,NA,NA
2060,Pharmaceutical Sales,NA,NA
2066,Project Management,NA,NA
2067,Property Management,NA,NA
2070,Quality,NA,NA
2071,Quality Assurance,NA,NA
2072,Real Estate,NA,NA
2074,Research,NA,NA
2076,Risk Management,NA,NA
2077,Safety,NA,NA
2086,Senior Management,NA,NA
2087,Social Media,NA,NA
2091,Supply Chain,NA,NA
2093,Talent Acquisition,NA,NA
2094,Tax,NA,NA
2096,Technical Support,NA,NA
2100,Training,NA,NA
3,Academic Counselor,111,Education
5,Account Analyst,103,Accounting & Finance
7,Account Consultant,101,Sales
8,Account Coordinator,101,Sales
10,Account Director,101,Sales
13,Account Representative,101,Sales
14,Account Sales Manager,101,Sales
18,Accounting Assistant,103,Accounting & Finance
23,Accounting Manager,103,Accounting & Finance
25,Accounting Supervisor,103,Accounting & Finance
27,Accounts Payable Analyst,103,Accounting & Finance
32,Accounts Payable Supervisor,103,Accounting & Finance
34,Accounts Receivable Analyst,103,Accounting & Finance
37,Accounts Receivable Manager,103,Accounting & Finance
39,Accounts Receivable Supervisor,103,Accounting & Finance
43,Administrative Associate,112,Other
49,Administrator,109,Healthcare
51,Admissions Counselor,111,Education
52,Admissions Representative,111,Education
56,Advertising Manager,102,Marketing & PR
57,Advertising Sales Representative,101,Sales
60,Android Developer,104,Technology
65,Application Engineer,104,Technology
66,Application Specialist,104,Technology
68,Application Support Specialist,104,Technology
70,Applications Developer,104,Technology
73,Architect,104,Technology
76,Area Director,101,Sales
79,Area Manager,101,Sales
88,Assistant,111,Education
90,Assistant Administrator,112,Other
91,Assistant Branch Manager,103,Accounting & Finance
92,Assistant Brand Manager,102,Marketing & PR
100,Assistant Director of Finance,103,Accounting & Finance
101,Assistant Director of Human Resources,107,HR
109,Assistant Operations Manager,105,Operations/GM
114,Assistant Project Manager,110,Real Estate / Construction
115,Assistant Property Manager,110,Real Estate / Construction
119,Assistant Superintendent,110,Real Estate / Construction
120,Assistant Treasurer,103,Accounting & Finance
123,Associate Accountant,103,Accounting & Finance
124,Associate Analyst,103,Accounting & Finance
126,Associate Brand Manager,102,Marketing & PR
127,Associate Buyer,105,Operations/GM
128,Associate Consultant,104,Technology
129,Associate Counsel,106,Law
131,Associate Dean,111,Education
134,Associate District Manager,101,Sales
137,Associate Executive Director,109,Healthcare
138,Associate General Counsel,106,Law
139,Associate Manager,101,Sales
146,Associate Research Scientist,109,Healthcare
149,Associate Software Engineer,104,Technology
150,Associate Store Manager,101,Sales
159,Automation Engineer,104,Technology
165,Benefits Administrator,107,HR
178,Branch Manager,103,Accounting & Finance
181,Branch Sales Manager,101,Sales
182,Brand Ambassador,102,Marketing & PR
187,Building Engineer,108,Engineering
200,Business Development Executive,101,Sales
204,Business Development Specialist,101,Sales
205,Business Director,105,Operations/GM
212,Business Operations Analyst,104,Technology
213,Business Operations Manager,105,Operations/GM
218,Business Relationship Manager,101,Sales
222,Business System Analyst,104,Technology
224,Business Unit Controller,103,Accounting & Finance
227,Buyer,105,Operations/GM
231,Call Center Operations Manager,105,Operations/GM
233,Campaign Manager,102,Marketing & PR
234,Campus Director,111,Education
237,Care Manager,109,Healthcare
243,Catering Sales Manager,101,Sales
244,Center Director,111,Education
245,Center Manager,105,Operations/GM
246,Certified Public Accountant,103,Accounting & Finance
250,Channel Marketing Manager,102,Marketing & PR
251,Channel Sales Manager,101,Sales
255,Chemical Engineer,108,Engineering
259,Chief Compliance Officer,103,Accounting & Finance
262,Chief Executive Officer,105,Operations/GM
263,Chief Financial Officer,103,Accounting & Finance
266,Chief Information Security Officer,104,Technology
269,Chief of Staff,105,Operations/GM
277,Claims Examiner,103,Accounting & Finance
279,Claims Representative,103,Accounting & Finance
282,Client Account Manager,101,Sales
283,Client Advisor,103,Accounting & Finance
286,Client Executive,101,Sales
288,Client Partner,101,Sales
300,Clinic Director,109,Healthcare
305,Clinical Liaison,109,Healthcare
312,Clinical Research Coordinator,109,Healthcare
314,Clinical Specialist,109,Healthcare
328,Commercial Property Manager,110,Real Estate / Construction
334,Communications Consultant,102,Marketing & PR
335,Communications Coordinator,102,Marketing & PR
336,Communications Manager,102,Marketing & PR
337,Communications Specialist,102,Marketing & PR
338,Community Association Manager,105,Operations/GM
339,Community Director,112,Other
340,Community Liaison,102,Marketing & PR
345,Compensation Analyst,107,HR
351,Compliance Officer,103,Accounting & Finance
355,Computer Programmer,104,Technology
356,Computer Specialist,104,Technology
357,Computer Systems Analyst,104,Technology
366,Consulting Manager,NA,NA
367,Consumer Loan Underwriter,103,Accounting & Finance
368,Content Manager,102,Marketing & PR
369,Content Writer,113,"Art, Creative & Design"
371,Continuous Improvement Manager,105,Operations/GM
376,Contract Specialist,105,Operations/GM
382,Coordinator,NA,NA
386,Corporate Account Manager,101,Sales
387,Corporate Accountant,103,Accounting & Finance
388,Corporate Accounting Manager,103,Accounting & Finance
395,Corporate Recruiter,107,HR
398,Cost Accountant,103,Accounting & Finance
402,Counselor,109,Healthcare
403,Creative Director,113,"Art, Creative & Design"
407,Credit Analyst,103,Accounting & Finance
408,Credit and Collections Manager,103,Accounting & Finance
410,Credit Risk Analyst,103,Accounting & Finance
412,Customer Account Manager,101,Sales
413,Customer Advocate,105,Operations/GM
415,Customer Care Manager,105,Operations/GM
418,Customer Care Supervisor,105,Operations/GM
420,Customer Relations Manager,105,Operations/GM
423,Customer Service Coordinator,105,Operations/GM
427,Customer Service Specialist,105,Operations/GM
434,Data Analyst,104,Technology
441,Database Developer,104,Technology
445,Demand Planner,105,Operations/GM
446,Dental Hygienist,109,Healthcare
447,Dentist,109,Healthcare
451,Deputy Program Manager,105,Operations/GM
452,Deputy Project Manager,105,Operations/GM
456,Design Manager,113,"Art, Creative & Design"
459,Desktop Support Engineer,104,Technology
467,Development Officer,112,Other
471,Digital Marketing Consultant,101,Sales
476,Digital Sales Manager,101,Sales
477,Digital Strategist,102,Marketing & PR
478,Direct Sales Representative,101,Sales
479,Direct Support Professional,109,Healthcare
482,Director of Accounting,103,Accounting & Finance
486,Director of Application Development,104,Technology
489,Director of Career Services,111,Education
490,Director of Catering,112,Other
492,Director of Clinical Operations,109,Healthcare
495,Director of Compliance,103,Accounting & Finance
497,Director of Contracts,105,Operations/GM
498,Director of Creative Services,113,"Art, Creative & Design"
499,Director of Customer Service,105,Operations/GM
500,Director of Development,112,Other
503,Director of eCommerce,102,Marketing & PR
508,Director of Facilities Management,105,Operations/GM
509,Director of Finance,103,Accounting & Finance
510,Director of Finance and Accounting,103,Accounting & Finance
518,Director of Internal Audit,103,Accounting & Finance
521,Director of Logistics,105,Operations/GM
522,Director of Maintenance,105,Operations/GM
523,Director of Manufacturing,105,Operations/GM
524,Director of Manufacturing Operations,105,Operations/GM
525,Director of Marketing,102,Marketing & PR
527,Director of Materials Management,105,Operations/GM
530,Director of New Business Development,101,Sales
531,Director of Nursing,109,Healthcare
533,Director of Pharmacy,109,Healthcare
535,Director of Procurement,105,Operations/GM
536,Director of Product Development,104,Technology
537,Director of Product Marketing,102,Marketing & PR
541,Director of Public Relations,102,Marketing & PR
544,Director of Quality Assurance,104,Technology
545,Director of Real Estate,110,Real Estate / Construction
547,Director of Recruitment,107,HR
551,Director of Retail Operations,101,Sales
552,Director of Risk Management,103,Accounting & Finance
553,Director of Rooms,112,Other
556,Director of Sales and Business Development,101,Sales
566,Director of Supply Chain,105,Operations/GM
568,Director of Technical Services,104,Technology
571,Director of Transportation,105,Operations/GM
574,"Director, Digital Marketing",102,Marketing & PR
578,"Director, Program Management",105,Operations/GM
588,District Manager,101,Sales
594,District Supervisor,104,Technology
598,Division Sales Manager,101,Sales
601,Documentation Specialist,NA,NA
603,Economist,103,Accounting & Finance
606,Editorial Director,113,"Art, Creative & Design"
607,Education Coordinator,109,Healthcare
609,Educator,109,Healthcare
611,Electrical Engineer,108,Engineering
614,Electrician,108,Engineering
616,Electronics Engineer,104,Technology
618,Embedded Software Engineer,104,Technology
627,Engineering Project Manager,105,Operations/GM
631,Enrollment Advisor,111,Education
632,Enrollment Specialist,101,Sales
633,Enterprise Account Executive,101,Sales
634,Enterprise Account Manager,101,Sales
636,Enterprise Sales Executive,101,Sales
640,Environmental Manager,108,Engineering
645,Equity Research Associate,103,Accounting & Finance
646,Estimator,110,Real Estate / Construction
650,Event Planner,102,Marketing & PR
651,Event Specialist,102,Marketing & PR
654,Executive Account Manager,101,Sales
660,Executive Assistant to the President,112,Other
662,Executive Consultant,101,Sales
665,Executive Director,109,Healthcare
669,Executive Secretary,112,Other
670,Executive Team Leader,101,Sales
675,Facilities Maintenance Manager,105,Operations/GM
676,Facilities Manager,105,Operations/GM
680,Facility Manager,105,Operations/GM
682,Family Nurse Practitioner,109,Healthcare
684,Field Manager,105,Operations/GM
691,Field Sales Representative,101,Sales
692,Field Service Engineer,108,Engineering
694,Field Service Representative,104,Technology
695,Field Service Technician,108,Engineering
699,Finance Consultant,103,Accounting & Finance
706,Financial Analyst,103,Accounting & Finance
719,Financial Services Manager,103,Accounting & Finance
721,Financial Specialist,103,Accounting & Finance
722,Financial Systems Analyst,103,Accounting & Finance
724,Fleet Maintenance Manager,105,Operations/GM
727,Food Service Director,112,Other
732,Fraud Investigator,103,Accounting & Finance
733,Freelance Consultant,104,Technology
737,Full Charge Bookkeeper,103,Accounting & Finance
747,General Sales Manager,101,Sales
749,Geologist,114,Science / Research
754,Global Product Manager,102,Marketing & PR
756,Global Project Manager,105,Operations/GM
764,Group Leader,NA,NA
771,Head of Marketing,102,Marketing & PR
772,Head of Sales,101,Sales
775,Healthcare Consultant,109,Healthcare
777,Help Desk Analyst,104,Technology
779,Help Desk Specialist,104,Technology
781,Hospital Account Manager,101,Sales
785,Human Resources Administrator,107,HR
787,Human Resources Analyst,107,HR
790,Human Resources Business Partner,107,HR
792,Human Resources Coordinator,107,HR
793,Human Resources Generalist,107,HR
795,Human Resources Recruiter,107,HR
797,Human Resources Specialist,107,HR
802,Implementation Project Manager,104,Technology
803,Implementation Specialist,104,Technology
805,Inbound Sales Representative,101,Sales
806,Incident Manager,104,Technology
816,Information Systems Manager,104,Technology
824,Inside Sales Manager,101,Sales
825,Inside Sales Representative,101,Sales
829,Instructional Designer,107,HR
832,Insurance Sales Agent,101,Sales
838,Internal Audit Manager,103,Accounting & Finance
839,Internal Auditor,103,Accounting & Finance
841,International Sales Manager,101,Sales
842,Inventory Analyst,105,Operations/GM
843,Inventory Control Manager,105,Operations/GM
851,Investment Associate,103,Accounting & Finance
853,Investment Banking Associate,103,Accounting & Finance
854,Investment Consultant,103,Accounting & Finance
856,IT Administrator,104,Technology
861,IT Coordinator,104,Technology
864,IT Operations Manager,104,Technology
867,IT Project Manager,104,Technology
872,IT Support,104,Technology
875,IT Support Technician,104,Technology
878,Java Developer,104,Technology
885,Laboratory Manager,109,Healthcare
886,Laboratory Supervisor,109,Healthcare
888,Landman,110,Real Estate / Construction
890,Lead,104,Technology
891,Lead Accountant,103,Accounting & Finance
896,Lead Developer,104,Technology
897,Lead Engineer,104,Technology
898,Lead Financial Analyst,103,Accounting & Finance
908,Lean Six Sigma Black Belt,105,Operations/GM
910,Leasing Consultant,110,Real Estate / Construction
914,Legal Analyst,106,Law
924,Loan Administration Manager,103,Accounting & Finance
926,Loan Processor,103,Accounting & Finance
927,Local Sales Manager,101,Sales
928,Location Manager,105,Operations/GM
929,Logistics Analyst,105,Operations/GM
930,Logistics Coordinator,105,Operations/GM
933,Logistics Manager,105,Operations/GM
936,Loss Prevention Manager,103,Accounting & Finance
937,Machinist,108,Engineering
940,Maintenance Manager,105,Operations/GM
944,Major Account Executive,101,Sales
949,Management Consultant,105,Operations/GM
951,Management Trainee,107,HR
954,"Manager, Financial Planning and Analysis",103,Accounting & Finance
962,Manufacturing Engineer,108,Engineering
969,Market Manager,101,Sales
982,Marketing Manager,102,Marketing & PR
985,Marketing Project Manager,102,Marketing & PR
989,Master Scheduler,105,Operations/GM
991,Materials Manager,105,Operations/GM
993,Materials Supervisor,105,Operations/GM
995,MDS Coordinator,109,Healthcare
1000,Media Director,102,Marketing & PR
1001,Media Manager,102,Marketing & PR
1010,Medical Social Worker,109,Healthcare
1015,Mental Health Counselor,109,Healthcare
1016,Mental Health Therapist,109,Healthcare
1017,Merchandise Manager,102,Marketing & PR
1019,Merchandising Manager,102,Marketing & PR
1025,Mortgage Loan Processor,103,Accounting & Finance
1027,MRI Technologist,109,Healthcare
1028,Multimedia Specialist,113,"Art, Creative & Design"
1029,National Account Executive,101,Sales
1030,National Account Manager,101,Sales
1031,National Account Representative,101,Sales
1034,National Accounts Sales Manager,101,Sales
1036,National Sales Executive,101,Sales
1040,Network Analyst,104,Technology
1042,Network Engineer,104,Technology
1043,Network Manager,104,Technology
1044,Network Operations Manager,104,Technology
1050,New Business Development Manager,101,Sales
1051,NOC Engineer,104,Technology
1054,Nurse Manager,109,Healthcare
1059,OBIEE Developer,104,Technology
1061,Office Administrator,112,Other
1063,Office Coordinator,112,Other
1064,Office Manager,112,Other
1066,Online Marketing Specialist,102,Marketing & PR
1075,Operations Engineer,104,Technology
1081,Operations Specialist,105,Operations/GM
1082,Operations Supervisor,105,Operations/GM
1085,Oracle DBA,104,Technology
1086,Organizational Development Consultant,107,HR
1090,Outside Sales Executive,101,Sales
1096,Patent Attorney,106,Law
1100,Payroll Accountant,103,Accounting & Finance
1101,Payroll Administrator,107,HR
1102,Payroll Analyst,107,HR
1110,Pharmaceutical Sales Specialist,109,Healthcare
1112,Pharmacist In Charge,109,Healthcare
1113,Pharmacy Manager,109,Healthcare
1114,Phlebotomist,109,Healthcare
1116,PHP Developer,104,Technology
1118,Physical Therapist Assistant,109,Healthcare
1122,Physician Recruiter,107,HR
1124,Planner,105,Operations/GM
1125,Planning Manager,105,Operations/GM
1129,Plant Manager,105,Operations/GM
1130,Plant Operations Manager,105,Operations/GM
1135,PMO Project Manager,104,Technology
1136,Policy Analyst,NA,NA
1138,Portfolio Analyst,103,Accounting & Finance
1140,Postdoctoral Associate,109,Healthcare
1141,Postdoctoral Fellow,109,Healthcare
1145,Practice Administrator,109,Healthcare
1152,Pricing Manager,103,Accounting & Finance
1154,Principal Architect,104,Technology
1155,Principal Consultant,104,Technology
1156,Principal Engineer,108,Engineering
1157,Principal Scientist,109,Healthcare
1161,Process Analyst,105,Operations/GM
1162,Process Engineer,108,Engineering
1165,Procurement Analyst,105,Operations/GM
1166,Procurement Manager,105,Operations/GM
1173,Product Development Engineer,108,Engineering
1175,Product Director,102,Marketing & PR
1181,Product Owner,104,Technology
1185,Product Support Manager,104,Technology
1188,Production Assistant,NA,NA
1190,Production Coordinator,105,Operations/GM
1193,Production Planner,105,Operations/GM
1196,Production Specialist,105,Operations/GM
1203,Professional Services Consultant,104,Technology
1204,Professor,111,Education
1205,Program Administrator,105,Operations/GM
1208,Program Associate,105,Operations/GM
1209,Program Coordinator,111,Education
1210,Program Director,NA,NA
1213,Program Specialist,109,Healthcare
1216,Programmer Analyst,104,Technology
1217,Project Accountant,103,Accounting & Finance
1220,Project Architect,113,"Art, Creative & Design"
1222,Project Associate,105,Operations/GM
1224,Project Controller,103,Accounting & Finance
1232,Project Leader,105,Operations/GM
1233,Project Management Consultant,104,Technology
1236,Project Officer,105,Operations/GM
1244,Psychologist,109,Healthcare
1252,Purchasing Analyst,105,Operations/GM
1253,Purchasing Assistant,105,Operations/GM
1255,Purchasing Manager,105,Operations/GM
1260,Quality Assurance Coordinator,105,Operations/GM
1262,Quality Assurance Inspector,105,Operations/GM
1263,Quality Assurance Lead,104,Technology
1269,Quality Assurance Test Lead,104,Technology
1270,Quality Assurance Tester,104,Technology
1273,Quality Control Inspector,105,Operations/GM
1280,Quality Manager,105,Operations/GM
1283,Quality Systems Manager,105,Operations/GM
1284,Quality Technician,105,Operations/GM
1286,Real Estate Manager,110,Real Estate / Construction
1287,Real Estate Paralegal,106,Law
1289,Recruiter,107,HR
1291,Recruiting Manager,107,HR
1292,Recruiting Specialist,107,HR
1297,Region Manager,101,Sales
1299,Regional Account Manager,101,Sales
1300,Regional Business Development Manager,101,Sales
1303,Regional Director,101,Sales
1305,Regional Director of Sales,101,Sales
1306,Regional Finance Manager,103,Accounting & Finance
1314,Regional Operations Manager,105,Operations/GM
1319,Regional Sales Manager,101,Sales
1322,Regional Territory Manager,101,Sales
1327,Registered Nurse,109,Healthcare
1328,Registered Nurse Case Manager,109,Healthcare
1329,Registered Nurse Staff Nurse,109,Healthcare
1330,Registered Nurse Supervisor,109,Healthcare
1333,Regulatory Affairs Associate,106,Law
1337,Release Manager,104,Technology
1339,Reporter,102,Marketing & PR
1341,Research Assistant,NA,NA
1342,Research Assistant Professor,111,Education
1343,Research Associate,109,Healthcare
1344,Research Chemist,114,Science / Research
1345,Research Consultant,102,Marketing & PR
1346,Research Coordinator,109,Healthcare
1347,Research Engineer,108,Engineering
1348,Research Fellow,111,Education
1350,Research Scientist,114,Science / Research
1351,Research Specialist,NA,NA
1355,Resource Manager,NA,NA
1356,Respiratory Therapist,109,Healthcare
1359,Retail Manager,101,Sales
1362,Retail Sales Consultant,101,Sales
1363,Retail Sales Manager,101,Sales
1366,Retail Supervisor,101,Sales
1368,RF Engineer,104,Technology
1374,Safety Specialist,107,HR
1375,Safety Supervisor,107,HR
1376,Sales Account Executive,101,Sales
1378,Sales Advisor,101,Sales
1381,Sales and Marketing Coordinator,101,Sales
1386,Sales Consultant,101,Sales
1387,Sales Coordinator,101,Sales
1388,Sales Counselor,101,Sales
1390,Sales Engineer,101,Sales
1397,Sales Operations Manager,101,Sales
1398,Sales Professional,101,Sales
1401,Sales Service Specialist,101,Sales
1405,Sales Support Representative,101,Sales
1409,SAP ABAP Consultant,104,Technology
1419,Secretary,112,Other
1420,Section Manager,105,Operations/GM
1423,Security Consultant,104,Technology
1425,Security Specialist,104,Technology
1431,Senior Account Representative,101,Sales
1433,Senior Accountant,103,Accounting & Finance
1434,Senior Accounting Analyst,103,Accounting & Finance
1436,Senior Administrative Assistant,112,Other
1439,Senior Architect,104,Technology
1444,Senior Audit Manager,103,Accounting & Finance
1449,Senior Budget Analyst,103,Accounting & Finance
1450,Senior Business Analyst,104,Technology
1457,Senior Chemist,114,Science / Research
1459,Senior Claims Representative,103,Accounting & Finance
1464,Senior Construction Project Manager,110,Real Estate / Construction
1470,Senior Cost Accountant,103,Accounting & Finance
1475,Senior Database Administrator,104,Technology
1478,Senior Developer,104,Technology
1487,Senior Engineering Manager,108,Engineering
1489,Senior Executive Assistant,112,Other
1491,Senior Finance Analyst,103,Accounting & Finance
1494,Senior Fund Accountant,103,Accounting & Finance
1496,Senior Human Resources Business Partner,107,HR
1505,Senior Investment Analyst,103,Accounting & Finance
1510,Senior IT Specialist,104,Technology
1521,Senior Marketing Specialist,102,Marketing & PR
1525,Senior Network Engineer,104,Technology
1526,Senior Operations Analyst,105,Operations/GM
1532,Senior Portfolio Manager,103,Accounting & Finance
1535,Senior Principal Engineer,108,Engineering
1544,Senior Programmer,104,Technology
1545,Senior Programmer Analyst,104,Technology
1547,Senior Project Leader,105,Operations/GM
1548,Senior Project Manager,105,Operations/GM
1551,Senior Quality Assurance Analyst,104,Technology
1554,Senior Recruiter,107,HR
1556,Senior Research Analyst,102,Marketing & PR
1564,Senior Sales Engineer,101,Sales
1565,Senior Sales Executive,101,Sales
1566,Senior Sales Manager,101,Sales
1567,Senior Sales Representative,101,Sales
1573,Senior Software Test Engineer,104,Technology
1575,Senior Specialist,NA,NA
1579,Senior System Administrator,104,Technology
1580,Senior System Analyst,104,Technology
1587,Senior Tax Associate,103,Accounting & Finance
1588,Senior Tax Manager,103,Accounting & Finance
1591,Senior Technical Lead,104,Technology
1596,Senior Technical Writer,104,Technology
1599,Senior Test Engineer,104,Technology
1601,Senior Training Specialist,107,HR
1610,Senior Field Engineer,104,Technology
1611,Senior IT Consultant,104,Technology
1612,Senior Operations Specialist,105,Operations/GM
1619,Service Director,105,Operations/GM
1620,Service Engineer,104,Technology
1627,SharePoint Developer,104,Technology
1630,Shipping Supervisor,105,Operations/GM
1631,Site Director,105,Operations/GM
1632,Site Engineer,108,Engineering
1634,Site Operations Manager,105,Operations/GM
1637,Small Business Specialist,101,Sales
1639,Social Media Manager,102,Marketing & PR
1640,Social Media Marketing Manager,102,Marketing & PR
1641,Social Media Specialist,102,Marketing & PR
1642,Social Worker,109,Healthcare
1645,Software Developer,104,Technology
1649,Software Engineering Manager,104,Technology
1650,Software Programmer,104,Technology
1658,Solutions Consultant,101,Sales
1662,Sourcing Manager,105,Operations/GM
1664,Sous Chef,112,Other
1665,Spanish Teacher,111,Education
1666,Special Education Teacher,111,Education
1669,Special Projects Manager,105,Operations/GM
1672,Specialty Sales Representative,109,Healthcare
1677,Staff,103,Accounting & Finance
1678,Staff Accountant,103,Accounting & Finance
1683,Staff Nurse,109,Healthcare
1686,Staff Scientist,114,Science / Research
1687,Staff Software Engineer,104,Technology
1689,Staffing Consultant,107,HR
1690,Staffing Coordinator,107,HR
1691,Staffing Manager,107,HR
1693,Statistical Analyst,NA,NA
1699,Strategic Account Executive,101,Sales
1704,Strategic Sourcing Manager,105,Operations/GM
1706,Strategy Consultant,105,Operations/GM
1711,Substance Abuse Counselor,109,Healthcare
1712,Superintendent,110,Real Estate / Construction
1713,Supervisor,NA,NA
1714,Supplier Quality Engineer,105,Operations/GM
1715,Supply Chain Analyst,105,Operations/GM
1721,Support Analyst,104,Technology
1722,Support Engineer,104,Technology
1727,System Analyst,104,Technology
1728,System Engineer,104,Technology
1732,Systems Engineer,104,Technology
1737,Talent Acquisition Manager,107,HR
1741,Tax Analyst,103,Accounting & Finance
1742,Tax Associate,103,Accounting & Finance
1749,Teacher,111,Education
1750,Team Lead,104,Technology
1752,Team Manager,105,Operations/GM
1753,Technical Account Manager,104,Technology
1756,Technical Architect,104,Technology
1757,Technical Business Analyst,104,Technology
1758,Technical Consultant,104,Technology
1762,Technical Engineer,104,Technology
1772,Technical Sales Consultant,101,Sales
1773,Technical Sales Engineer,101,Sales
1780,Technical Support Engineer,104,Technology
1786,Technical Trainer,107,HR
1789,Technologist,109,Healthcare
1790,Technology Analyst,104,Technology
1791,Technology Consultant,104,Technology
1793,Technology Manager,104,Technology
1795,Telecommunications Analyst,104,Technology
1797,Telecommunications Specialist,104,Technology
1798,Telesales Representative,101,Sales
1799,Terminal Manager,105,Operations/GM
1800,Territory Account Manager,101,Sales
1801,Territory Business Manager,101,Sales
1802,Territory Manager,101,Sales
1804,Territory Sales Manager,101,Sales
1805,Territory Sales Representative,101,Sales
1807,Test Engineer,104,Technology
1809,Test Manager,104,Technology
1817,Training and Development Specialist,107,HR
1819,Training Coordinator,107,HR
1822,Transaction Manager,110,Real Estate / Construction
1825,Transportation Specialist,105,Operations/GM
1828,Treasury Analyst,103,Accounting & Finance
1830,Trial Attorney,106,Law
1833,Underwriting Manager,103,Accounting & Finance
1834,Unit Manager,109,Healthcare
1835,Universal Banker,103,Accounting & Finance
1836,User Experience Designer,113,"Art, Creative & Design"
1841,Vice President Client Services,101,Sales
1842,Vice President General Manager,105,Operations/GM
1843,Vice President of Development,NA,NA
1844,Vice President of Engineering,104,Technology
1845,Vice President of Finance,103,Accounting & Finance
1854,Vice President of Technology,104,Technology
1863,Visual Merchandising Manager,102,Marketing & PR
1868,Web Content Manager,102,Marketing & PR
1869,Web Designer,113,"Art, Creative & Design"
1870,Web Developer,104,Technology
1871,Web Producer,113,"Art, Creative & Design"
1873,Western Regional Sales Manager,101,Sales
1874,Windows System Administrator,104,Technology
1875,Writer,113,"Art, Creative & Design"
1881,Infrastructure Engineer,NA,NA
1888,Director of Business Intelligence,NA,NA
1892,Director of Events,NA,NA
1895,Director of Special Events,NA,NA
1896,Director of Training and Development,NA,NA
1899,"Director, Supply Chain Management",NA,NA
1902,Educational Consultant,NA,NA
1904,Events Manager,NA,NA
1906,General Store Manager,NA,NA
1908,Healthcare Executive,NA,NA
1914,Key Account Manager,NA,NA
1915,Lawyer,NA,NA
1917,Medical Science Liaison,NA,NA
1918,PMO Director,NA,NA
1919,Pre Sales Engineer,NA,NA
1923,Sales and Business Development Manager,NA,NA
1927,"Senior Vice President, Business Development",NA,NA
1929,"Senior Vice President, Sales and Marketing",NA,NA
1933,Vice President of Procurement,NA,NA
1934,Vice President of Professional Services,NA,NA
1936,Vice President of Real Estate,NA,NA
1939,"Vice President, Corporate Communications",NA,NA
1940,"Vice President, Customer Service",NA,NA
2000,Account Management,NA,NA
2001,Accounting,NA,NA
2004,Administrative,NA,NA
2006,Banking,NA,NA
2007,Business,NA,NA
2011,Clerical,NA,NA
2016,Consulting,NA,NA
2017,Corporate Development,NA,NA
2019,Data Entry,NA,NA
2022,Education,NA,NA
2024,Environmental Health and Safety,NA,NA
2025,Executive Management,NA,NA
2030,Graphic Design,NA,NA
2033,Healthcare Management,NA,NA
2034,Human Resources,NA,NA
2039,Insurance,NA,NA
2040,Investment,NA,NA
2041,Investor Relations,NA,NA
2047,Management Consulting,NA,NA
2050,Marketing,NA,NA
2052,Media,NA,NA
2059,Payroll,NA,NA
2061,Procurement,NA,NA
2063,Product Marketing,NA,NA
2064,Program Management,NA,NA
2065,Project,NA,NA
2068,Public Relations,NA,NA
2073,Regional Sales,NA,NA
2078,Sales,NA,NA
2079,Sales and Business Development,NA,NA
2080,Sales and Marketing,NA,NA
2082,Sales Management,NA,NA
2083,Sales Operations,NA,NA
2084,SAP,NA,NA
2088,Software,NA,NA
2089,Software Sales,NA,NA
2092,Supply Chain Management,NA,NA
2095,Technical Sales,NA,NA
2098,Telecommunications,NA,NA
2,Academic Advisor,111,Education
9,Account Development Manager,101,Sales
21,Accounting Consultant,103,Accounting & Finance
24,Accounting Specialist,103,Accounting & Finance
31,Accounts Payable Specialist,103,Accounting & Finance
36,Accounts Receivable Coordinator,103,Accounting & Finance
40,Actuarial Analyst,103,Accounting & Finance
45,Administrative Director,109,Healthcare
53,Advertising Account Executive,101,Sales
55,Advertising Director,102,Marketing & PR
58,Analyst,NA,NA
59,Analytical Chemist,114,Science / Research
61,Application Analyst,104,Technology
62,Application Architect,104,Technology
64,Application Development Manager,104,Technology
69,Applications Analyst,104,Technology
77,Area General Manager,105,Operations/GM
78,Area Human Resources Manager,107,HR
82,Area Sales Representative,101,Sales
84,Art Director,113,"Art, Creative & Design"
85,Art Teacher,111,Education
89,Assistant Account Executive,101,Sales
93,Assistant Buyer,105,Operations/GM
98,Assistant Director,111,Education
99,Assistant Director Of Admissions,111,Education
106,Assistant General Manager,105,Operations/GM
110,Assistant Plant Manager,105,Operations/GM
111,Assistant Product Manager,102,Marketing & PR
113,Assistant Professor,111,Education
116,Assistant Sales Manager,101,Sales
121,Assistant Vice President,103,Accounting & Finance
122,Associate,106,Law
125,Associate Attorney,106,Law
132,Associate Director,NA,NA
133,Associate Director of Development,112,Other
142,Associate Producer,113,"Art, Creative & Design"
143,Associate Product Manager,102,Marketing & PR
145,Associate Project Manager,105,Operations/GM
147,Associate Sales Representative,101,Sales
151,Associate Vice President,NA,NA
154,Audit Associate,103,Accounting & Finance
155,Audit Manager,103,Accounting & Finance
156,Audit Senior,103,Accounting & Finance
157,Audit Supervisor,103,Accounting & Finance
161,Bank Manager,103,Accounting & Finance
162,Banker,103,Accounting & Finance
163,Banking Center Manager,103,Accounting & Finance
167,Benefits Consultant,107,HR
169,Benefits Manager,107,HR
170,Benefits Specialist,107,HR
171,Billing Analyst,103,Accounting & Finance
172,Billing Coordinator,103,Accounting & Finance
173,Billing Manager,103,Accounting & Finance
174,Billing Specialist,103,Accounting & Finance
175,Billing Supervisor,103,Accounting & Finance
177,Bookkeeper,103,Accounting & Finance
180,Branch Rental Manager,101,Sales
186,Budget Analyst,103,Accounting & Finance
193,Business Consultant,101,Sales
194,Business Data Analyst,104,Technology
196,Business Development Analyst,101,Sales
197,Business Development Associate,101,Sales
199,Business Development Coordinator,101,Sales
202,Business Development Officer,103,Accounting & Finance
208,Business Intelligence Developer,104,Technology
210,Business Manager,101,Sales
211,Business Office Manager,109,Healthcare
219,Business Sales Consultant,101,Sales
221,Business Specialist,103,Accounting & Finance
225,Business Unit Leader,105,Operations/GM
235,Campus President,111,Education
238,Career Counselor,111,Education
239,Case Manager,109,Healthcare
240,Case Worker,109,Healthcare
242,Catering Manager,112,Other
247,Change Management Consultant,105,Operations/GM
249,Channel Manager,101,Sales
257,Chief Administrative Officer,NA,NA
261,Chief Engineer,108,Engineering
272,Chief Technology Officer,104,Technology
273,City Manager,105,Operations/GM
274,Civil Engineer,108,Engineering
276,Claims Analyst,103,Accounting & Finance
278,Claims Manager,103,Accounting & Finance
285,Client Engagement Manager,104,Technology
287,Client Manager,101,Sales
291,Client Service Associate,103,Accounting & Finance
297,Client Services Manager,NA,NA
301,Clinic Manager,109,Healthcare
303,Clinical Coordinator,109,Healthcare
304,Clinical Director,109,Healthcare
308,Clinical Nurse Manager,109,Healthcare
309,Clinical Pharmacist,109,Healthcare
311,Clinical Research Associate,109,Healthcare
313,Clinical Social Worker,109,Healthcare
315,Clinical Supervisor,109,Healthcare
316,Clinician,109,Healthcare
317,CNC Programmer,104,Technology
319,Collections Manager,103,Accounting & Finance
320,Collections Specialist,103,Accounting & Finance
322,Collector,103,Accounting & Finance
323,Commercial Account Executive,101,Sales
324,Commercial Account Manager,101,Sales
325,Commercial Credit Analyst,103,Accounting & Finance
326,Commercial Loan Officer,103,Accounting & Finance
331,Commercial Sales Representative,101,Sales
333,Communications Associate,102,Marketing & PR
342,Community Outreach Coordinator,102,Marketing & PR
344,Community Relations Manager,102,Marketing & PR
346,Compensation Manager,107,HR
358,Configuration Manager,104,Technology
360,Construction Manager,110,Real Estate / Construction
362,Construction Superintendent,110,Real Estate / Construction
364,Consultant,104,Technology
365,Consulting Engineer,104,Technology
374,Contract Manager,105,Operations/GM
375,Contract Recruiter,107,HR
377,Contracts Administrator,105,Operations/GM
381,Controls Engineer,108,Engineering
384,Copywriter,113,"Art, Creative & Design"
385,Corporate Account Executive,101,Sales
391,Corporate Controller,103,Accounting & Finance
392,Corporate Counsel,106,Law
396,Corporate Sales Manager,101,Sales
399,Cost Accounting Manager,103,Accounting & Finance
401,Counsel,106,Law
406,Credentialing Specialist,109,Healthcare
409,Credit Manager,103,Accounting & Finance
414,Customer Business Manager,101,Sales
416,Customer Care Representative,105,Operations/GM
417,Customer Care Specialist,105,Operations/GM
422,Customer Service Associate,105,Operations/GM
424,Customer Service Engineer,104,Technology
426,Customer Service Representative,105,Operations/GM
428,Customer Service Supervisor,105,Operations/GM
429,Customer Success Manager,105,Operations/GM
431,Customer Support Manager,105,Operations/GM
433,Customer Support Specialist,105,Operations/GM
436,Data Manager,104,Technology
438,Data Specialist,104,Technology
440,Database Analyst,104,Technology
448,Department Manager,105,Operations/GM
450,Deputy General Counsel,106,Law
454,Design Director,113,"Art, Creative & Design"
455,Design Engineer,108,Engineering
462,Developer,104,Technology
463,Development Associate,NA,NA
472,Digital Marketing Coordinator,102,Marketing & PR
473,Digital Marketing Manager,102,Marketing & PR
475,Digital Project Manager,102,Marketing & PR
480,Director,NA,NA
483,Director of Administration,NA,NA
484,Director of Admissions,109,Healthcare
485,Director of Analytics,104,Technology
487,Director of Business Development,101,Sales
491,Director of Client Services,NA,NA
494,Director Of Communications,102,Marketing & PR
496,Director of Construction,110,Real Estate / Construction
502,Director of Distribution,105,Operations/GM
504,Director of Education,111,Education
512,Director of Financial Planning and Analysis,103,Accounting & Finance
513,Director of Food and Beverage,112,Other
514,Director of Housekeeping,112,Other
515,Director of Human Resources,107,HR
520,Director of Learning and Development,107,HR
532,Director of Operations,105,Operations/GM
539,Director of Professional Services,104,Technology
540,Director of Programs,105,Operations/GM
546,Director of Recruiting,107,HR
548,Director of Rehabilitation,109,Healthcare
550,Director of Research,102,Marketing & PR
554,Director of Safety,107,HR
555,Director of Sales,101,Sales
558,Director of Sales Operations,101,Sales
560,Director of Social Media,102,Marketing & PR
563,Director of Software Engineering,104,Technology
564,Director of Strategic Planning,102,Marketing & PR
569,Director of Technology,104,Technology
572,Director of User Experience,113,"Art, Creative & Design"
575,"Director, Field Operations",105,Operations/GM
577,"Director, Product Management",104,Technology
579,"Director, Project Management",105,Operations/GM
581,"Director, Strategy",102,Marketing & PR
582,Distribution Center Manager,105,Operations/GM
596,Division Director,112,Other
600,Document Control Specialist,105,Operations/GM
604,Editor,113,"Art, Creative & Design"
605,Editorial Assistant,113,"Art, Creative & Design"
608,Education Specialist,111,Education
617,Eligibility Specialist,109,Healthcare
619,Employee Relations Manager,107,HR
621,Employment Specialist,107,HR
623,Engineer,108,Engineering
625,Engineering Manager,108,Engineering
626,Engineering Program Manager,104,Technology
628,Engineering Specialist,108,Engineering
639,Environmental Health and Safety Manager,107,HR
642,Environmental Specialist,108,Engineering
644,Equity Research Analyst,103,Accounting & Finance
647,ETL Developer,104,Technology
649,Event Manager,102,Marketing & PR
652,Events Coordinator,102,Marketing & PR
655,Executive Administrative Assistant,112,Other
656,Executive Administrator,112,Other
657,Executive Assistant,112,Other
661,Executive Chef,112,Other
667,Executive Producer,102,Marketing & PR
672,Facilitator,105,Operations/GM
673,Facilities Coordinator,105,Operations/GM
674,Facilities Engineer,105,Operations/GM
677,Facilities Project Manager,105,Operations/GM
683,Field Engineer,108,Engineering
686,Field Marketing Representative,101,Sales
687,Field Operations Manager,105,Operations/GM
688,Field Sales Consultant,101,Sales
689,Field Sales Engineer,101,Sales
700,Finance Controller,103,Accounting & Finance
703,Financial Accountant,103,Accounting & Finance
707,Financial Associate,103,Accounting & Finance
709,Financial Consultant,103,Accounting & Finance
712,Financial Counselor,103,Accounting & Finance
713,Financial Manager,103,Accounting & Finance
720,Financial Services Representative,103,Accounting & Finance
723,Firmware Engineer,104,Technology
728,Food Service Manager,112,Other
730,Franchise Business Consultant,101,Sales
734,Freight Operations Supervisor,105,Operations/GM
735,Front End Developer,104,Technology
736,Front Office Manager,112,Other
740,Fund Accountant,103,Accounting & Finance
741,General Accountant,103,Accounting & Finance
744,General Ledger Accountant,103,Accounting & Finance
745,General Manager,105,Operations/GM
750,GIS Analyst,104,Technology
752,Global Account Manager,101,Sales
753,Global Marketing Manager,102,Marketing & PR
762,Graphic Designer,113,"Art, Creative & Design"
763,Group Account Director,102,Marketing & PR
766,Group Sales Manager,101,Sales
767,Guest Services Manager,112,Other
773,Health Coach,109,Healthcare
776,Healthcare Recruiter,107,HR
778,Help Desk Manager,104,Technology
780,Help Desk Technician,104,Technology
782,HRIS Analyst,107,HR
784,Human Resources Administrative Assistant,112,Other
789,Human Resources Associate,107,HR
798,Human Resources Supervisor,107,HR
799,Implementation Analyst,104,Technology
800,Implementation Consultant,104,Technology
801,Implementation Manager,104,Technology
804,In House Counsel,106,Law
807,Independent Sales Representative,101,Sales
811,Information Assurance Manager,104,Technology
813,Information Security Manager,104,Technology
815,Information Specialist,104,Technology
817,Information Technology Manager,104,Technology
819,Infrastructure Project Manager,104,Technology
823,Inside Sales Executive,101,Sales
826,Inside Sales Specialist,101,Sales
830,Instructor,111,Education
831,Insurance Agent,103,Accounting & Finance
835,Intake Specialist,109,Healthcare
844,Inventory Control Specialist,105,Operations/GM
845,Inventory Control Supervisor,105,Operations/GM
846,Inventory Manager,105,Operations/GM
852,Investment Banking Analyst,103,Accounting & Finance
857,IT Analyst,104,Technology
859,IT Business Analyst,104,Technology
860,IT Consultant,104,Technology
863,IT Infrastructure Manager,104,Technology
866,IT Project Coordinator,104,Technology
868,IT Recruiter,107,HR
869,IT Security Analyst,104,Technology
870,IT Service Delivery Manager,104,Technology
871,IT Supervisor,104,Technology
873,IT Support Engineer,104,Technology
876,IT Systems Administrator,104,Technology
880,Junior Analyst,NA,NA
881,Kindergarten Teacher,111,Education
883,Lab Technician,109,Healthcare
887,Laboratory Technician,109,Healthcare
892,Lead Analyst,104,Technology
895,Lead Consultant,104,Technology
900,Lead Project Manager,105,Operations/GM
902,Lead Software Developer,104,Technology
907,Lead Test Engineer,104,Technology
909,Learning and Development Manager,107,HR
913,Legal Administrative Assistant,106,Law
915,Legal Assistant,106,Law
917,Legal Secretary,106,Law
918,Librarian,111,Education
919,Licensed Practical Nurse,109,Healthcare
921,Litigation Associate,106,Law
932,Logistics Management Specialist,105,Operations/GM
939,Maintenance Engineer,105,Operations/GM
942,Maintenance Supervisor,105,Operations/GM
945,Major Account Manager,101,Sales
950,Management Supervisor,102,Marketing & PR
952,Manager,NA,NA
955,Managing Attorney,106,Law
958,Managing Editor,113,"Art, Creative & Design"
963,Manufacturing Engineering Manager,108,Engineering
964,Manufacturing Manager,105,Operations/GM
966,Manufacturing Supervisor,105,Operations/GM
967,Market Analyst,102,Marketing & PR
968,Market Development Manager,101,Sales
976,Marketing Communications Coordinator,102,Marketing & PR
978,Marketing Communications Specialist,102,Marketing & PR
980,Marketing Coordinator,102,Marketing & PR
984,Marketing Program Manager,102,Marketing & PR
987,Marketing Specialist,102,Marketing & PR
994,Math Teacher,111,Education
996,Mechanical Design Engineer,108,Engineering
997,Mechanical Designer,108,Engineering
998,Mechanical Engineer,108,Engineering
999,Media Buyer,105,Operations/GM
1002,Media Planner,102,Marketing & PR
1004,Media Sales Consultant,101,Sales
1005,Media Supervisor,102,Marketing & PR
1006,Medical Assistant,109,Healthcare
1008,Medical Director,109,Healthcare
1011,Medical Technologist,109,Healthcare
1018,Merchandiser,102,Marketing & PR
1021,Mortgage Banker,103,Accounting & Finance
1022,Mortgage Consultant,103,Accounting & Finance
1023,Mortgage Loan Officer,103,Accounting & Finance
1026,Mortgage Underwriter,103,Accounting & Finance
1033,National Accounts Manager,101,Sales
1039,Network Administrator,104,Technology
1046,Network Specialist,104,Technology
1047,Network Support Engineer,104,Technology
1048,Network Systems Administrator,104,Technology
1049,Network Technician,104,Technology
1052,Nurse,109,Healthcare
1053,Nurse Case Manager,109,Healthcare
1057,Nursing Supervisor,109,Healthcare
1062,Office Assistant,112,Other
1070,Operations Analyst,105,Operations/GM
1071,Operations Assistant,105,Operations/GM
1072,Operations Associate,105,Operations/GM
1073,Operations Consultant,105,Operations/GM
1076,Operations Lead,105,Operations/GM
1077,Operations Manager,105,Operations/GM
1078,Operations Program Manager,105,Operations/GM
1079,Operations Project Manager,105,Operations/GM
1088,Outreach Coordinator,109,Healthcare
1089,Outside Sales Consultant,101,Sales
1093,Packaging Engineer,108,Engineering
1094,Paralegal,106,Law
1095,Partner,106,Law
1099,Patient Care Coordinator,109,Healthcare
1103,Payroll Coordinator,107,HR
1104,Payroll Manager,107,HR
1105,Payroll Specialist,107,HR
1106,Payroll Supervisor,107,HR
1107,Performance Analyst,103,Accounting & Finance
1109,Pharmaceutical Sales Representative,109,Healthcare
1111,Pharmacist,109,Healthcare
1115,Photographer,113,"Art, Creative & Design"
1117,Physical Therapist,109,Healthcare
1121,Physician Liaison,109,Healthcare
1123,Pilot,112,Other
1126,Plant Controller,103,Accounting & Finance
1132,Plant Supervisor,105,Operations/GM
1133,PM,104,Technology
1137,Portfolio Administrator,103,Accounting & Finance
1139,Portfolio Manager,103,Accounting & Finance
1143,Postdoctoral Research Fellow,111,Education
1149,President,105,Operations/GM
1150,President and CEO,105,Operations/GM
1158,Principal Software Engineer,104,Technology
1159,Principal Systems Engineer,104,Technology
1164,Procurement Agent,105,Operations/GM
1167,Procurement Specialist,105,Operations/GM
1169,Product Analyst,104,Technology
1170,Product Design Engineer,108,Engineering
1171,Product Designer,113,"Art, Creative & Design"
1177,Product Line Manager,102,Marketing & PR
1179,Product Marketing Manager,102,Marketing & PR
1182,Product Sales Specialist,101,Sales
1186,Product Support Specialist,104,Technology
1191,Production Engineer,108,Engineering
1198,Production Supervisor,105,Operations/GM
1199,Production Support Analyst,104,Technology
1201,Production Technician,105,Operations/GM
1202,Professional Sales Representative,109,Healthcare
1206,Program Analyst,104,Technology
1207,Program Assistant,NA,NA
1212,Program Officer,NA,NA
1218,Project Administrator,105,Operations/GM
1219,Project Analyst,105,Operations/GM
1223,Project Consultant,104,Technology
1225,Project Controls Manager,105,Operations/GM
1234,Project Manager,105,Operations/GM
1235,Project Manager Consultant,105,Operations/GM
1238,Project Superintendent,110,Real Estate / Construction
1239,Project Supervisor,105,Operations/GM
1240,Property Accountant,103,Accounting & Finance
1245,Psychotherapist,109,Healthcare
1248,Public Relations Manager,102,Marketing & PR
1249,Public Relations Specialist,102,Marketing & PR
1251,Purchasing Agent,105,Operations/GM
1261,Quality Assurance Engineer,104,Technology
1265,Quality Assurance Specialist,105,Operations/GM
1266,Quality Assurance Supervisor,105,Operations/GM
1275,Quality Control Specialist,105,Operations/GM
1282,Quality Supervisor,105,Operations/GM
1285,Quantitative Analyst,103,Accounting & Finance
1288,Receptionist,112,Other
1290,Recruiting Coordinator,107,HR
1294,Recruitment Coordinator,107,HR
1295,Recruitment Manager,107,HR
1298,Regional Account Executive,101,Sales
1301,Regional Business Manager,101,Sales
1310,Regional Loss Prevention Manager,103,Accounting & Finance
1311,Regional Manager,101,Sales
1313,Regional Marketing Manager,102,Marketing & PR
1315,Regional Property Manager,110,Real Estate / Construction
1316,Regional Recruiter,107,HR
1321,Regional Service Manager,101,Sales
1323,Regional Vice President,101,Sales
1324,Regional Vice President of Sales,101,Sales
1325,Registered Dental Hygienist,109,Healthcare
1326,Registered Dietitian,109,Healthcare
1336,Relationship Manager,103,Accounting & Finance
1352,Research Technician,109,Healthcare
1353,Researcher,114,Science / Research
1357,Restaurant General Manager,112,Other
1358,Restaurant Manager,112,Other
1371,Route Sales Representative,101,Sales
1377,Sales Administrator,101,Sales
1382,Sales and Marketing Manager,101,Sales
1383,Sales and Marketing Representative,101,Sales
1385,Sales Associate,101,Sales
1389,Sales Development Manager,101,Sales
1392,Sales Lead,101,Sales
1393,Sales Leader,101,Sales
1395,Sales Marketing Associate,101,Sales
1403,Sales Supervisor,101,Sales
1406,Sales Support Specialist,101,Sales
1407,Sales Trainer,101,Sales
1408,Sales Training Manager,101,Sales
1411,SAP FICO Consultant,104,Technology
1413,School Counselor,111,Education
1414,School Nurse,109,Healthcare
1415,School Psychologist,109,Healthcare
1416,Science Teacher,111,Education
1417,Scientist,109,Healthcare
1418,Scrum Master,104,Technology
1424,Security Manager,104,Technology
1428,Senior Account Director,101,Sales
1438,Senior Application Developer,104,Technology
1440,Senior Art Director,113,"Art, Creative & Design"
1441,Senior Associate,103,Accounting & Finance
1442,Senior Attorney,106,Law
1443,Senior Audit Associate,103,Accounting & Finance
1445,Senior Auditor,103,Accounting & Finance
1446,Senior Benefits Analyst,107,HR
1447,Senior Branch Manager,101,Sales
1451,Senior Business Consultant,104,Technology
1452,Senior Business Development Manager,101,Sales
1454,Senior Business Systems Analyst,104,Technology
1455,Senior Buyer,105,Operations/GM
1456,Senior Category Manager,105,Operations/GM
1458,Senior Civil Engineer,108,Engineering
1460,Senior Clinical Research Associate,109,Healthcare
1462,Senior Compensation Analyst,107,HR
1463,Senior Compliance Analyst,103,Accounting & Finance
1466,Senior Contract Administrator,105,Operations/GM
1467,Senior Contracts Manager,105,Operations/GM
1468,Senior Copywriter,113,"Art, Creative & Design"
1473,Senior Customer Service Representative,105,Operations/GM
1474,Senior Data Analyst,104,Technology
1476,Senior Design Engineer,108,Engineering
1477,Senior Designer,113,"Art, Creative & Design"
1479,Senior Director,NA,NA
1482,Senior Director of Operations,105,Operations/GM
1483,Senior Director of Sales,101,Sales
1484,Senior Editor,113,"Art, Creative & Design"
1485,Senior Electrical Engineer,108,Engineering
1486,Senior Engineer,108,Engineering
1488,Senior Estimator,110,Real Estate / Construction
1493,Senior Financial Analyst,103,Accounting & Finance
1495,Senior Graphic Designer,113,"Art, Creative & Design"
1497,Senior Human Resources Consultant,107,HR
1498,Senior Human Resources Generalist,107,HR
1499,Senior Human Resources Manager,107,HR
1501,Senior Instructor,111,Education
1503,Senior Interior Designer,113,"Art, Creative & Design"
1506,Senior IT Analyst,104,Technology
1511,Senior Java Developer,104,Technology
1523,Senior Mechanical Engineer,108,Engineering
1524,Senior Network Administrator,104,Technology
1527,Senior Operations Manager,105,Operations/GM
1529,Senior Paralegal,106,Law
1530,Senior Partner,102,Marketing & PR
1531,Senior Planner,105,Operations/GM
1533,Senior Pricing Analyst,103,Accounting & Finance
1536,Senior Process Engineer,108,Engineering
1540,Senior Product Marketing Manager,102,Marketing & PR
1542,Senior Program Director,105,Operations/GM
1546,Senior Project Engineer,108,Engineering
1550,Senior Property Manager,110,Real Estate / Construction
1555,Senior Relationship Manager,103,Accounting & Finance
1559,Senior Research Scientist,114,Science / Research
1560,Senior Risk Analyst,103,Accounting & Finance
1562,Senior Sales Account Executive,101,Sales
1563,Senior Sales Consultant,101,Sales
1568,Senior Scientist,109,Healthcare
1570,Senior Software Consultant,104,Technology
1572,Senior Software Engineer,104,Technology
1577,Senior Staff Engineer,108,Engineering
1581,Senior System Engineer,104,Technology
1583,Senior Systems Analyst,104,Technology
1584,Senior Systems Engineer,104,Technology
1589,Senior Technical Analyst,104,Technology
1590,Senior Technical Consultant,104,Technology
1592,Senior Technical Project Manager,104,Technology
1593,Senior Technical Recruiter,107,HR
1594,Senior Technical Support Engineer,104,Technology
1597,Senior Technician,108,Engineering
1602,Senior Treasury Analyst,103,Accounting & Finance
1603,Senior Trial Attorney,106,Law
1606,Senior Vice President of Operations,105,Operations/GM
1608,Senior Web Developer,104,Technology
1609,Senior Applications Developer,104,Technology
1613,Server,104,Technology
1614,Service Center Manager,105,Operations/GM
1615,Service Coordinator,109,Healthcare
1616,Service Delivery Manager,104,Technology
1623,Service Representative,101,Sales
1625,Service Technician,108,Engineering
1628,Shift Manager,105,Operations/GM
1633,Site Manager,105,Operations/GM
1635,Site Superintendent,110,Real Estate / Construction
1636,Site Supervisor,105,Operations/GM
1643,Software Architect,104,Technology
1646,Software Development Engineer,104,Technology
1654,Software Test Engineer,104,Technology
1655,Software Tester,104,Technology
1657,Solutions Architect,104,Technology
1660,Solutions Manager,101,Sales
1661,Solutions Specialist,101,Sales
1663,Sourcing Specialist,105,Operations/GM
1673,Speech Language Pathologist,109,Healthcare
1675,SQL Developer,104,Technology
1676,SQL Server DBA,104,Technology
1679,Staff Assistant,112,Other
1681,Staff Auditor,103,Accounting & Finance
1684,Staff Pharmacist,109,Healthcare
1685,Staff Registered Nurse,109,Healthcare
1688,Staff Writer,113,"Art, Creative & Design"
1695,Store Director,101,Sales
1696,Store Manager,101,Sales
1698,Store Team Leader,101,Sales
1700,Strategic Account Manager,101,Sales
1701,Strategic Accounts Manager,101,Sales
1703,Strategic Planner,102,Marketing & PR
1707,Strategy Manager,102,Marketing & PR
1726,System Administrator,104,Technology
1733,Systems Engineering Manager,104,Technology
1739,Talent Manager,107,HR
1740,Tax Accountant,103,Accounting & Finance
1743,Tax Consultant,103,Accounting & Finance
1744,Tax Director,103,Accounting & Finance
1745,Tax Manager,103,Accounting & Finance
1747,Tax Specialist,103,Accounting & Finance
1748,Tax Supervisor,103,Accounting & Finance
1751,Team Leader,NA,NA
1754,Technical Advisor,104,Technology
1759,Technical Designer,113,"Art, Creative & Design"
1760,Technical Director,104,Technology
1761,Technical Editor,113,"Art, Creative & Design"
1763,Technical Instructor,104,Technology
1764,Technical Lead,104,Technology
1766,Technical Manager,104,Technology
1767,Technical Operations Manager,104,Technology
1769,Technical Program Manager,104,Technology
1775,Technical Sales Representative,101,Sales
1779,Technical Support Analyst,104,Technology
1781,Technical Support Manager,104,Technology
1782,Technical Support Representative,104,Technology
1783,Technical Support Specialist,104,Technology
1784,Technical Support Supervisor,104,Technology
1785,Technical Team Lead,104,Technology
1787,Technical Writer,104,Technology
1796,Telecommunications Engineer,104,Technology
1803,Territory Representative,101,Sales
1806,Test Analyst,104,Technology
1808,Test Lead,104,Technology
1813,Trader,103,Accounting & Finance
1815,Traffic Manager,102,Marketing & PR
1820,Training Manager,107,HR
1821,Training Specialist,107,HR
1823,Transportation Coordinator,105,Operations/GM
1831,Underwriter,103,Accounting & Finance
1832,Underwriting Assistant,103,Accounting & Finance
1837,Validation Engineer,104,Technology
1838,Value Stream Manager,105,Operations/GM
1847,Vice President of Information Technology,104,Technology
1849,Vice President of Marketing,102,Marketing & PR
1850,Vice President of Operations,105,Operations/GM
1851,Vice President of Product Development,104,Technology
1857,"Vice President, Business Development",101,Sales
1864,Warehouse Manager,105,Operations/GM
1866,Warehouse Supervisor,105,Operations/GM
1867,Web Application Developer,104,Technology
1880,DevOps Engineer,NA,NA
1886,Data Entry Clerk,NA,NA
1887,Director of Benefits,NA,NA
1889,Director of Compensation,NA,NA
1890,Director of Continuous Improvement,NA,NA
1891,Director of Environmental Health and Safety,NA,NA
1893,Director of Information Security,NA,NA
1897,"Director, Compensation and Benefits",NA,NA
1898,"Director, Organizational Development",NA,NA
1901,Education Consultant,NA,NA
1910,Human Resources Professional,NA,NA
1913,Information Technology Professional,NA,NA
1916,Market Research Manager,NA,NA
1925,Senior Executive,NA,NA
1932,Vice President of Construction,NA,NA
1937,Vice President of Software Development,NA,NA
1941,"Vice President, Internal Audit",NA,NA
1944,"Vice President, Sales and Business Development",NA,NA
2003,Administration,NA,NA
2008,Business Development,NA,NA
2009,Business Intelligence,NA,NA
2014,Construction,NA,NA
2021,Digital Marketing,NA,NA
2027,Financial,NA,NA
2029,General Management,NA,NA
2036,Information Security,NA,NA
2038,Inside Sales,NA,NA
2042,IT Management,NA,NA
2045,Maintenance,NA,NA
2048,Manufacturing,NA,NA
2049,Market Research,NA,NA
2051,Marketing Communications,NA,NA
2053,Medical Device Sales,NA,NA
2058,Outside Sales,NA,NA
2062,Product Management,NA,NA
2069,Purchasing,NA,NA
2075,Retail Management,NA,NA
2081,Sales and Marketing Management,NA,NA
2085,Security,NA,NA
2090,Strategy,NA,NA
2097,Technology,NA,NA
2099,Territory Sales,NA,NA
2101,Training and Development,NA,NA
